                  epoch,         train/box_loss,         train/cls_loss,         train/dfl_loss,   metrics/precision(B),      metrics/recall(B),       metrics/mAP50(B),    metrics/mAP50-95(B),           val/box_loss,           val/cls_loss,           val/dfl_loss,                 lr/pg0,                 lr/pg1,                 lr/pg2
                      1,                 1.3499,                 1.6462,                 1.4344,                0.90865,                0.87574,                0.91424,                0.63075,                  1.157,                 1.1656,                 1.3792,             0.00025005,             0.00025005,             0.00025005
                      2,                 1.5193,                 1.5729,                  1.588,                0.80353,                0.70542,                0.79554,                 0.4455,                 1.4909,                 1.3589,                  1.615,             0.00049119,             0.00049119,             0.00049119
                      3,                 1.5392,                 1.6444,                   1.59,                 0.5736,                0.72431,                0.55895,                0.28151,                 1.6538,                 1.6856,                 1.7878,             0.00070592,             0.00070592,             0.00070592
                      4,                 1.6026,                  1.866,                 1.6998,                0.45949,                0.54239,                0.49407,                0.20339,                 1.7447,                 2.1221,                 1.9303,             0.00089425,             0.00089425,             0.00089425
